iter	Logloss	Logloss
0	0.6625067175	0.6625067175
1	0.6346541609	0.6346541609
2	0.6083031172	0.6083031172
3	0.5841021604	0.5841021604
4	0.5616231828	0.5616231828
5	0.5405694738	0.5405694738
6	0.5217357777	0.5217357777
7	0.5038043091	0.5038043091
8	0.4873709647	0.4873709647
9	0.472479884	0.472479884
